{"cameraMode":{"drawMode":0,"name":"Shaded","section":"Shading Mode"},"sceneLighting":true,"audioPlay":false,"sceneViewState":{"showFog":false,"showMaterialUpdate":false,"showSkybox":false,"showFlares":false,"showImageEffects":false,"showParticleSystems":false},"in2DMode":false,"pivot":{"x":-0.11628569662570954,"y":0.6094990968704224,"z":0.29904499650001528},"rotation":{"x":-0.4946056306362152,"y":0.5053927302360535,"z":-0.4987771809101105,"w":-0.501166582107544},"size":0.5546238422393799,"orthographic":false}