{"cameraMode":{"drawMode":0,"name":"Shaded","section":"Shading Mode"},"sceneLighting":false,"audioPlay":false,"sceneViewState":{"showFog":true,"showMaterialUpdate":false,"showSkybox":false,"showFlares":true,"showImageEffects":true,"showParticleSystems":true},"in2DMode":false,"pivot":{"x":0.008239145390689373,"y":0.3123153746128082,"z":-0.42766714096069338},"rotation":{"x":0.000027339448934071697,"y":0.9996822476387024,"z":-0.026706892997026445,"w":0.000303779321257025},"size":0.2124030590057373,"orthographic":false}