{"cameraMode":{"drawMode":0,"name":"Shaded","section":"Shading Mode"},"sceneLighting":false,"audioPlay":false,"sceneViewState":{"showFog":true,"showMaterialUpdate":false,"showSkybox":false,"showFlares":true,"showImageEffects":true,"showParticleSystems":true},"in2DMode":false,"pivot":{"x":0.012166596949100495,"y":-0.028620142489671708,"z":-0.04506699740886688},"rotation":{"x":-0.1582329422235489,"y":-0.6630693674087524,"z":0.14631398022174836,"w":-0.7169064879417419},"size":0.6287345290184021,"orthographic":false}