{"cameraMode":{"drawMode":0,"name":"Shaded","section":"Shading Mode"},"sceneLighting":false,"audioPlay":false,"sceneViewState":{"showFog":true,"showMaterialUpdate":false,"showSkybox":false,"showFlares":true,"showImageEffects":true,"showParticleSystems":true},"in2DMode":false,"pivot":{"x":0.21486303210258485,"y":-0.2030617743730545,"z":0.7388639450073242},"rotation":{"x":0.38512465357780459,"y":-0.3245430588722229,"z":0.14680233597755433,"w":0.851375162601471},"size":2.8653531074523927,"orthographic":false}