{"cameraMode":{"drawMode":0,"name":"Shaded","section":"Shading Mode"},"sceneLighting":true,"audioPlay":false,"sceneViewState":{"showFog":true,"showMaterialUpdate":false,"showSkybox":false,"showFlares":true,"showImageEffects":true,"showParticleSystems":true},"in2DMode":false,"pivot":{"x":0.013558987528085709,"y":0.0007184582063928247,"z":-0.0079345703125},"rotation":{"x":0.002999586518853903,"y":0.016499226912856103,"z":-0.000049497852160129696,"w":0.9998591542243958},"size":0.13705383241176606,"orthographic":true}